WirtEinh,MaxSimilarity
15859,0.7984636
18925,0.75760007
21083,0.8291811
22225,0.8377778
26287,0.8107798
28580,0.7468898
30009,0.7451249
